{
  "POST_GetToken" : {
    "transaction" : "POST_GetToken",
    "sampleCount" : 10,
    "errorCount" : 0,
    "errorPct" : 0.0,
    "meanResTime" : 2019.0,
    "medianResTime" : 2025.5,
    "minResTime" : 1535.0,
    "maxResTime" : 2600.0,
    "pct1ResTime" : 2598.9,
    "pct2ResTime" : 2600.0,
    "pct3ResTime" : 2600.0,
    "throughput" : 0.161090258872046,
    "receivedKBytesPerSec" : 0.09517539708748812,
    "sentKBytesPerSec" : 0.04483469118997374
  },
  "Total" : {
    "transaction" : "Total",
    "sampleCount" : 20,
    "errorCount" : 0,
    "errorPct" : 0.0,
    "meanResTime" : 3371.25,
    "medianResTime" : 3490.5,
    "minResTime" : 1535.0,
    "maxResTime" : 6554.0,
    "pct1ResTime" : 4768.700000000001,
    "pct2ResTime" : 6465.699999999999,
    "pct3ResTime" : 6554.0,
    "throughput" : 0.3005801196308876,
    "receivedKBytesPerSec" : 0.7937193784003126,
    "sentKBytesPerSec" : 0.3099292180783913
  },
  "Post Create Factures" : {
    "transaction" : "Post Create Factures",
    "sampleCount" : 10,
    "errorCount" : 0,
    "errorPct" : 0.0,
    "meanResTime" : 4723.5,
    "medianResTime" : 4518.0,
    "minResTime" : 4381.0,
    "maxResTime" : 6554.0,
    "pct1ResTime" : 6377.400000000001,
    "pct2ResTime" : 6554.0,
    "pct3ResTime" : 6554.0,
    "throughput" : 0.1550291454793501,
    "receivedKBytesPerSec" : 0.7271533063841001,
    "sentKBytesPerSec" : 0.2765544336397743
  }
}